{
    //launch.json:用于控制调试相关设置，在调试前应进行编译，故在preLauchTask中设置tasks(编译器配置)
    "version": "0.2.0",
    "configurations": [
        {
            "name": "gcc.exe - 生成和调试活动文件",                                 //name:用于定义该调试配置在vscode中的显示名称
            "type": "cppdbg",                                                      //type: cppdbg 不修改
            "request": "launch",
            //用于控制调试的文件位置：此处应与tasks中args的最后一行参数一致。此处将exe文件全部归档到工作文件夹的子文件夹bin中方便整理。
            //常用的参数：${workspaceFolder}:vscode打开的工作文件夹,${fileDirname}文件所处的目录位置,${fileBasenameNoExtension}去掉后缀的文件名。
            "program": "${workspaceFolder}\\bin\\${fileBasenameNoExtension}.exe", 
            "args": [],
            "stopAtEntry": false,                                                  //是否在进入调试程序时暂停
            "cwd": "${fileDirname}",                                               //不修改
            "environment": [],
            "externalConsole": false,                                              //是否使用外部控制台，若改为true建议在程序最后添加 getchar()
            "MIMode": "gdb",
            "miDebuggerPath": "C:\\mingw64\\bin\\gdb.exe",                         //将路径修改为自己的调试器gdb位置
            "setupCommands": [
                {
                    "description": "为 gdb 启用整齐打印",
                    "text": "-enable-pretty-printing",
                    "ignoreFailures": true
                },
                {
                    "description": "将反汇编风格设置为 Intel",
                    "text": "-gdb-set disassembly-flavor intel",
                    "ignoreFailures": true
                }
            ],
            "preLaunchTask": "C/C++: gcc.exe 生成活动文件"                          //prelauchtask:用于控制调起编译的任务名称，应和task中lable保持一致
        }
    ]
}