{
    "tasks": [
        {
            "type": "cppbuild",                                             //不修改
            "label": "C/C++: gcc.exe 生成活动文件",                          //lable:与launch中保持一致
            "command": "C:\\mingw64\\bin\\gcc.exe",                         //建议修改为g++，保证C++的兼容性
            "args": [
                "-fdiagnostics-color=always",
                "-g",
                "${file}",                                                  //编译器输入文件名
                "-o",                                                       //编译优化
                "${workspaceFolder}\\bin\\${fileBasenameNoExtension}.exe"   //编译器输出文件名与位置，应与launch中保持一致
            ],
            "options": {
                "cwd": "${fileDirname}"
            },
            "problemMatcher": [
                "$gcc"                                                      //当上面设置的g++无法编译.c文件时，启用gcc
            ],
            "group": {
                "kind": "build",
                "isDefault": true
            },
            "detail": "调试器生成的任务。"
        }
    ],
    "version": "2.0.0"
}